0,제스티 빅사이즈 봄 기본 루즈핏 자켓
1,모드 빅사이즈 봄 오버핏 기본 자켓
2,럽1353 빅사이즈 봄 기본 베이지 자켓
3,싱글 오버핏 테일러드 여자자켓 블레이저 간절기 여성 봄자켓 정장재킷 봄아우터 블랙 그레이
4,오버핏자켓 여성봄자켓 간절기아우터 테일러드자켓
5,여성봄자켓 오버핏 데일리 간절기 블랙 차콜 베이지 자켓
6,[무료배송] 트위드자켓 여성 봄 자켓
7,5color 여자 여성 봄 자켓 재킷 블레이저 블레이져 오버핏 블랙 베이지
8,루즈핏 체크 자켓 여성 봄 데일리
9,2color 라인 여자 여성 봄 자켓 블랙 캐주얼 싱글 블레이저
10,여성 봄 자켓 트위드셋업 긴팔 숏 노카라 트위드자켓
11,여성봄자켓 더블 빅사이즈 여성정장자켓 화이트 블랙 여자블레이저
12,7부 여성자켓 캐주얼 정장자켓 여자 봄 여름자켓
13,루즈핏 테일러드 더블 블레이저 여자 자켓 봄 아우터 정장 롱자켓 여성 봄재킷 베이지 블랙
14,프리미엄 고급 르셀 트위드 자켓 여성 봄 자켓 카라 명품 아우터 트위드코디
15,란 여성 봄 가을 세미오버핏 루즈핏 쓰리버튼 네이비 자켓 블레이저
16,크롭자켓 카라 싱글 여성 봄 숏재킷
17,바네사리찌 봄 플라워 배색 자켓 엄마옷 중년 미시 마담 여성 의류
18,"봄 가을 슬림 레더 가죽 여자 라이더자켓 (핑크,아이보리,블랙 3color)"
19,여성봄 자켓 쉐바 베르데 후드재킷
20,여성봄자켓 슬림 여성정장자켓 면접 블랙 네이비
21,노카라트위드자켓 중년여성 봄자켓 우아한
22,노랑 트위드 숏 자켓 여성 진주단추 짧은 크롭 재킷 20대 여자 봄 쟈켓
23,에코 플리스 미드넥 집업 2color
24,레소이 빅사이즈 봄 하객룩 노카라 트위드 자켓
25,럽1286 빅사이즈 봄 집업 레더 가죽자켓
26,트위드자켓 여성 봄 가을 겨울 노카라 숏 자켓 하객룩 크롭
27,스프링 파스텔 컬러 데일리 여성 봄 자켓 6 color
28,리벳 여성 봄 루즈핏 카라 싱글 크롭 라이더 레더 자켓
29,여자 원버튼 체크 마이 봄자켓 데이트 나들이
30,"[어반프랑] 보브 빈티지 청자켓 S,M,L 숏자켓 간절기 봄 데님 여성 크롭"
31,여성 봄자켓 트렌치 하프자켓 더블버튼 자켓 3컬러
32,청자켓 데님자켓 여성 봄 자켓 오버핏 런던플랏 베르가못 [얼바닉]
33,윤스토어 봄 간절기 여성 라운드 하운드체크 금장 단추 트위드 자켓
34,슴블리 트위드자켓 여성 봄 노카라 트위드 자켓 아우터 재킷 쟈켓 4color
35,더엣지여성봄셋업자켓 WWJK2G01
36,여자봄자켓 여성여름자켓 5부소매
37,여성봄자켓 간절기아우터 오버핏자켓 빅사이즈자켓
38,여성 봄자켓 봄블레이저 수트자켓 정장자켓
39,여성봄자켓 테일러드자켓 오버핏자켓 블레이저 정장 하객룩
40,트위드 자켓 여성 40대 봄 재킷 크롭 정장
41,핑크 데님자켓 여성 봄 자켓 점퍼
42,하이퀄리티 여성봄자켓 캐주얼 여자블레이저 베이지자켓 브라운자켓
43,게스 여성 셔링 스트링 재킷 여자 봄 자켓 바람막이
44,제이어반스 크로피 봄자켓 크롭 여성 싱글 자켓
45,여성봄자켓 노카라 트위드 크롭자켓
46,럽1360 빅사이즈 봄 크롭 트렌치 자켓
47,쿠블 빅사이즈 봄 노카라 하객 트위드자켓
48,에잇트 빅사이즈 봄 노카라 하객 트위드 자켓
49,재진행 여성 봄 자켓 아우터 블레이저
50,네이비 자켓 40대 숏 여성 봄 재킷 코디 캐주얼
51,핑크 트위드 자켓 여성 봄 더블 브레스트 블레이저 사무복 코트
52,"여성 봄 가을 데일리 클래식 루즈핏, 오버핏 자켓 / 베이지, 브라운, 블랙"
53,숏 카라넥 여자 여성 가죽 라이더 자켓 레더 봄 가을
54,여성 자켓 숏 봄 자켓 크롭 자켓 런던플랏 베르가못
55,여성봄 자켓 아우터 후드재킷 쉐바 베르데 BJ0109
56,노카라 트위드 자켓 여성 봄 자켓
57,라뜨라 간절기 여성 봄 자켓 77 88 기본 크롭기장
58,로엠 테일러드 오버핏 자켓 봄데이트코디 여자봄자켓 레더블루종
59,트위드 자켓 여성 봄 자켓 런던플랏 베르가못
60,노카라 트위드자켓 여성봄자켓 트위드셋업
61,ZARA 자라 여자 봄자켓 더블 트위드자켓 오피스룩 22H0222
62,자라 ZARA 여자 봄자켓 숏재킷 라운드넥 15H0228
63,라뜨라 엘누아 노카라 여성 트위드 봄 자켓 77 88 99
64,픽미 칼라넥 여성 봄 자켓
65,여성 자켓 여성용 봄 자켓 트위드 숏자켓
66,여성 봄 자켓 크롭 칼라넥 무지 어깨패드 페미닌
67,베이직스 브이넥자켓 노카라자켓 여자봄자켓 3col sklo3906
68,하트 소매 디테일 포인트 청자켓 데님 숏 재킷 여성봄 자켓
69,코티스 빅사이즈 봄 오버핏 셔츠 자켓
70,베디카 빅사이즈 봄 루즈핏 하객 트위드자켓
71,럽1366 빅사이즈 봄 루즈핏 기본 숏자켓
72,BELLE BELLE 여성 봄 자켓 코어 야상 면 코튼 숏자켓
73,여성 봄 자켓 여자 정장 출퇴근 캐주얼자켓 슬림핏
74,오버핏 프리미엄 연청 데님 여성 청자켓 여자 봄 자켓 간절기 우먼재킷 봄 아우터
75,여성정장자켓 재킷 여성 봄 자켓 블랙
76,여자 봄재킷 면소재 카라 린넨원단 자켓
77,여자 가을 롱자켓 정장 여성 봄 자켓 점퍼 코트
78,옷자락 여자 커리어우먼 봄자켓 후크 노카라 슬림 정장 자켓
79,겟잇미 레아닌 데일리 여름 여성 봄 자켓
80,정장 튤립 크롭 숏 여성 봄 자켓
81,민트 초봄 정장 데일리 20대 30대 여성 봄 자켓 재킷
82,여자 봄 자켓 데님 아우터 박시핏 빈티지 재킷
83,트위드자켓 여성 봄 자켓 숏자켓 여신룩 데이트룩 긴팔 가디건 BJ0110
84,2컬러 여자 여성 봄 자켓 블레이저
85,sellys 홈플러스몰03 샐리여성봄자켓 샐리여성봄자켓 SN205012
86,겟잇미 르미민 데일리 여성 봄 자켓
87,업타운 라인 크롭 봄 청자켓
88,슬림 재킷 청자켓 여성봄자켓 코디 점퍼 데님 봄잠바
89,여성 봄 자켓 정장 캐쥬얼 오피스룩
90,여성 청자켓 재킷 데님자켓 학생 루즈핏 숏 빈티지 여자 봄자켓 캐쥬얼
91,크롭 숏 유니크 히든 버튼 여성 봄 자켓
